plot,litter,no_litter
1,1.8595434077285449,1.8073724348966078
2,1.461363583619407,0.7367826348150359
3,1.4881364215714314,1.6332545695843539
4,1.3250925210045617,1.1615338461536473
5,1.6006661811070213,0.9864742858135147
6,2.038625294107275,1.901147288779434
7,1.7882138925071116,1.3162220216151113
8,1.9940809412179763,1.7849741722847459
